<?xml version="1.0"?>
<tests xsi:noNamespaceSchemaLocation="tests.xsd"
                 xmlns:xsi="http://www.w3.org/2001/XMLSchema-instance">
    <name>pcs_package</name>
    <test>
        <src_file>pcs_mailbox_pkg_handlers.cpp</src_file>
        <ut> pcs_mailbox_pkg_handlers_ut.cpp </ut>
        <model> pcs_model.amb </model>
        <dep>
                <type_dir>flow/mailbox/peci</type_dir>
                <type_name>peci_common</type_name>
                <version>v1_0</version>
        </dep>
        <dep>
                <type_dir>flow/mailbox/pcs</type_dir>
                <type_name>pcs_common</type_name>
                <version>v1_0</version>
        </dep>
        <dep>
                <type_dir>flow/mailbox/pcs</type_dir>
                <type_name>pcs_package</type_name>
                <version>v1_0</version>
        </dep>
        <dep>
                <type_dir>runtime</type_dir>
                <version>v1_0</version>
        </dep>
        <dep>
                <type_dir>shared</type_dir>
                <version>v1_0</version>
        </dep>
        <dep>
                <type_dir>flow/mailbox</type_dir>
                <type_name>mailbox_common</type_name>
                <version>v1_0</version>
        </dep>
        <dep>
                <type_dir>flow</type_dir>
                <type_name>poc_straps</type_name>
                <version>v1_0</version>
        </dep>
        <dep>
                <type_dir>flow/hpm</type_dir>
                <type_name>hpm_common</type_name>
                <version>v1_0</version>
        </dep>
        <dep>
                <type_dir>ip</type_dir>
                <type_name>iosf</type_name>
                <version>v1_0</version>
        </dep>
        <dep>
                <type_dir>cfgdata</type_dir>
                <type_name>mocks/gnr_dev</type_name>
                <version>v1_0</version>
        </dep>
        <dep>
                <type_dir>ip/hwrs</type_dir>
                <type_name>hwrs_common</type_name>
                <version>v1_0</version>
        </dep>
        <dep>
                <type_dir>ip/hwrs</type_dir>
                <type_name>hwrs</type_name>
                <version>v1_0</version>
        </dep> 
        <dep>
                <type_dir>ip</type_dir>
                <type_name>common</type_name>
                <version>v1_0</version>
        </dep>
        <dep>
                <type_dir>ip</type_dir>
                <type_name>isa</type_name>
                <version>v1_0</version>
        </dep>
        <dep>
                <type_dir>ip</type_dir>
                <type_name>punit</type_name>
                <version>v1_0</version>
        </dep>
        <dep>
                <type_dir>ip</type_dir>
                <type_name>pmdown</type_name>
                <version>v1_0</version>
        </dep>
        <dep>
                <type_dir>ip</type_dir>
                <type_name>fuse</type_name>
                <version>v1_0</version>
        </dep>
        <!-- regPeci/PCSMboxArray.cpp files are hardcoded for now. Hence the dependency.
             Once registration is auotmated it will be removed.. -->
        <dep>
                <type_dir>flow/rapl</type_dir>
                <type_name>rapl_reporting</type_name>
                <version>v1_0</version>
        </dep>
        <dep>
                <type_dir>flow</type_dir>
                <type_name>pkgs/mocks</type_name>
                <version>v1_0</version>
        </dep>
        <dep>
                <type_dir>flow</type_dir>
                <type_name>error_handler</type_name>
                <version>v1_3</version>
        </dep>
        <mock>pkgc.hpp</mock>
        <mock>base_thermal_status.hpp</mock>
        <mock>pkg_thermal_status.hpp</mock>
        <mock>pkg_thermal_status.cpp</mock>
        <mock>cpl.hpp</mock>
        <mock>cpl.cpp</mock>
        <blank>punit_mailbox_cmds.hpp</blank>
        <blank>punit_mailbox_cmds.cpp</blank>
        <blank>die_topology.hpp</blank>
        <blank>die_topology.cpp</blank>
        <blank>thermal_topology.hpp</blank>
        <blank>thermal_topology.cpp</blank>
        <blank>mod_id_map_init.cpp</blank>
        <mock>oobmsm.hpp</mock>
        <mock>oobmsm.cpp</mock>
        <mock>resolved_cfg.cpp</mock>
        <mock>ubox.hpp</mock>
        <mock>ubox.cpp</mock>
        <!--mocking regPeciMboxArray.cpp/.hpp since they are generated by dutcfg scripts during source build-->
        <mock>regPeciMboxArray.cpp</mock>
        <mock>regPeciMboxArray.hpp</mock>
        <mock>regPcsMboxArray.cpp</mock>
        <mock>regPcsMboxArray.hpp</mock>
        <mock>rapl_vars.hpp</mock>
        <mock>rapl_vars.cpp</mock>
        <mock>rapl_psys_domain.hpp</mock>
        <mock>rapl_psys_domain.cpp</mock>
        <mock>rapl_common.cpp</mock>
        <mock>rapl_common.hpp</mock>
        <mock>tpmi_mailbox.hpp</mock>
        <!-- Real files, just didn't want everything in the cfgdata -->
        <mock>ipconfig_topology.hpp</mock>
        <mock>ipconfig_topology.cpp</mock>
        <mock>regQuiesceMboxArray.hpp</mock>
        <mock>regQuiesceMboxArray.cpp</mock>
        <mock>sst.hpp</mock>
        <mock>sst.cpp</mock>
        <mock>common_ip_disables.hpp</mock>        
        <mock>regTerminalMboxArray.hpp</mock>
        <mock>regTerminalMboxArray.cpp</mock>
        <mock>pkg_resolved_topo.hpp</mock>
        <mock>pkg_resolved_topo.cpp</mock>
    </test>
    <test>
        <src_file>pcs_mailbox_pkg_handlers1.cpp</src_file>
        <ut> pcs_mailbox_pkg_handlers_ut.cpp </ut>
        <model> pcs_model.amb </model>
        <dep>
                <type_dir>flow/mailbox/peci</type_dir>
                <type_name>peci_common</type_name>
                <version>v1_0</version>
        </dep>
        <dep>
                <type_dir>flow/mailbox/pcs</type_dir>
                <type_name>pcs_common</type_name>
                <version>v1_0</version>
        </dep>
        <dep>
                <type_dir>flow/mailbox/pcs</type_dir>
                <type_name>pcs_package</type_name>
                <version>v1_0</version>
        </dep>
        <dep>
                <type_dir>runtime</type_dir>
                <version>v1_0</version>
        </dep>
        <dep>
                <type_dir>shared</type_dir>
                <version>v1_0</version>
        </dep>
        <dep>
                <type_dir>flow/mailbox</type_dir>
                <type_name>mailbox_common</type_name>
                <version>v1_0</version>
        </dep>
        <dep>
                <type_dir>flow</type_dir>
                <type_name>poc_straps</type_name>
                <version>v1_0</version>
        </dep>
        <dep>
                <type_dir>flow/hpm</type_dir>
                <type_name>hpm_common</type_name>
                <version>v1_0</version>
        </dep>
        <dep>
                <type_dir>ip</type_dir>
                <type_name>iosf</type_name>
                <version>v1_0</version>
        </dep>
        <dep>
                <type_dir>cfgdata</type_dir>
                <type_name>mocks/gnr_dev</type_name>
                <version>v1_0</version>
        </dep>
        <dep>
                <type_dir>ip/hwrs</type_dir>
                <type_name>hwrs_common</type_name>
                <version>v1_0</version>
        </dep>
        <dep>
                <type_dir>ip/hwrs</type_dir>
                <type_name>hwrs</type_name>
                <version>v1_0</version>
        </dep> 
        <dep>
                <type_dir>ip</type_dir>
                <type_name>common</type_name>
                <version>v1_0</version>
        </dep>
        <dep>
                <type_dir>ip</type_dir>
                <type_name>isa</type_name>
                <version>v1_0</version>
        </dep>
        <dep>
                <type_dir>ip</type_dir>
                <type_name>punit</type_name>
                <version>v1_0</version>
        </dep>
        <dep>
                <type_dir>ip</type_dir>
                <type_name>pmdown</type_name>
                <version>v1_0</version>
        </dep>
        <dep>
                <type_dir>ip</type_dir>
                <type_name>fuse</type_name>
                <version>v1_0</version>
        </dep>
        <!-- regPeci/PCSMboxArray.cpp files are hardcoded for now. Hence the dependency.
             Once registration is auotmated it will be removed.. -->
        <dep>
                <type_dir>flow/rapl</type_dir>
                <type_name>rapl_reporting</type_name>
                <version>v1_0</version>
        </dep>
        <dep>
                <type_dir>flow</type_dir>
                <type_name>pkgs/mocks</type_name>
                <version>v1_0</version>
        </dep>
        <dep>
                <type_dir>flow</type_dir>
                <type_name>error_handler</type_name>
                <version>v1_3</version>
        </dep>
        <mock>pkgc.hpp</mock>
        <mock>base_thermal_status.hpp</mock>
        <mock>pkg_thermal_status.hpp</mock>
        <mock>pkg_thermal_status.cpp</mock>
        <mock>cpl.hpp</mock>
        <mock>cpl.cpp</mock>
        <blank>punit_mailbox_cmds.hpp</blank>
        <blank>punit_mailbox_cmds.cpp</blank>
        <blank>die_topology.hpp</blank>
        <blank>die_topology.cpp</blank>
        <blank>thermal_topology.hpp</blank>
        <blank>thermal_topology.cpp</blank>
        <blank>mod_id_map_init.cpp</blank>
        <mock>oobmsm.hpp</mock>
        <mock>oobmsm.cpp</mock>
        <mock>resolved_cfg.cpp</mock>
        <mock>ubox.hpp</mock>
        <mock>ubox.cpp</mock>
        <!--mocking regPeciMboxArray.cpp/.hpp since they are generated by dutcfg scripts during source build-->
        <mock>regPeciMboxArray.cpp</mock>
        <mock>regPeciMboxArray.hpp</mock>
        <mock>regPcsMboxArray.cpp</mock>
        <mock>regPcsMboxArray.hpp</mock>
        <mock>rapl_vars.hpp</mock>
        <mock>rapl_vars.cpp</mock>
        <mock>rapl_psys_domain.hpp</mock>
        <mock>rapl_psys_domain.cpp</mock>
        <mock>rapl_common.cpp</mock>
        <mock>rapl_common.hpp</mock>
        <mock>tpmi_mailbox.hpp</mock>
        <!-- Real files, just didn't want everything in the cfgdata -->
        <mock>ipconfig_topology.hpp</mock>
        <mock>ipconfig_topology.cpp</mock>
        <mock>regQuiesceMboxArray.hpp</mock>
        <mock>regQuiesceMboxArray.cpp</mock>
        <mock>sst.hpp</mock>
        <mock>sst.cpp</mock>
        <mock>common_ip_disables.hpp</mock>        
        <mock>regTerminalMboxArray.hpp</mock>
        <mock>regTerminalMboxArray.cpp</mock>
        <mock>pkg_resolved_topo.hpp</mock>
        <mock>pkg_resolved_topo.cpp</mock>
    </test>
</tests>
