<?xml version="1.0" encoding="UTF-8" standalone="no" ?>
<Profile FormatVersion="1">
    <Tools>
        <Tool Filename="jam" AllowIntercept="true">
        	<Description>Jamplus build system</Description>
        </Tool>
        <Tool Filename="mayabatch.exe" AllowRemote="true" OutputFileMasks="*.dae" DeriveCaptionFrom="lastparam" Timeout="4000" />
        <Tool Filename="meshbuilder_*.exe" AllowRemote="false" OutputFileMasks="*.mesh" DeriveCaptionFrom="lastparam" Timeout="19" />
        <Tool Filename="texbuilder_*.exe" AllowRemote="true" OutputFileMasks="*.tex" DeriveCaptionFrom="lastparam" />
        <Tool Filename="shaderbuilder_*.exe" AllowRemote="true" DeriveCaptionFrom="lastparam" />
    </Tools>
</Profile>
